n, time_ns, theoretical_time, adjusted_theoretical_time
2,99041,8,0.2309027777777778
10,9750,1000,28.862847222222225
50,144875,125000,3607.855902777778
100,747375,1000000,28862.847222222223
200,1333875,8000000,230902.77777777778
400,2228625,64000000,1847222.2222222222
800,15479125,512000000,1.4777777777777778E7
1600,89833708,4096000000,1.1822222222222222E8
2400,378360541,13824000000,3.99E8
6000,6031551875,216000000000,6.234375E9
